firstName,lastName,email,phoneNumber,photoUrl,workAreas,professionId,services,startDate
Oliver,Turner,oliver.turner@example.net,1234567890,https://randomuser.me/api/portraits/men/43.jpg,North,1,"[""Interior Painting"", ""Wallpaper Removal"", ""Cabinet Painting"", ""Trim Installation""]",08/03/2017
Henry,Mills,henry.mills@example.net,4567890123,https://randomuser.me/api/portraits/men/44.jpg,Haifa,2,"[""Flooring"", ""Window Installation"", ""Siding Repair"", ""Deck Installation""]",13/05/2015
Benjamin,Tucker,benjamin.tucker@example.net,7890123456,https://randomuser.me/api/portraits/men/45.jpg,Center,3,"[""AC Installation"", ""Thermostat Replacement"", ""Duct Cleaning"", ""Ventilation Installation""]",18/07/2017
William,Warren,william.warren@example.net,123456789,https://randomuser.me/api/portraits/men/46.jpg,BeerShevaa,4,"[""Custom Cabinetry"", ""Door Repair"", ""Furniture Assembly"", ""Deck Repair""]",23/09/2016
Alexander,Hicks,alexander.hicks@example.net,2345678901,https://randomuser.me/api/portraits/men/47.jpg,South,5,"[""Tile Installation"", ""Grout Repair"", ""Shower Remodeling"", ""Backsplash""]",28/11/2018
William,Holmes,william.holmes@example.net,5678901234,https://randomuser.me/api/portraits/men/48.jpg,North,6,"[""Lighting Installation"", ""Circuit Wiring"", ""Electrical Repair"", ""Panel Upgrade""]",03/02/2014
Daniel,Shaw,daniel.shaw@example.net,8901234567,https://randomuser.me/api/portraits/men/49.jpg,Haifa,7,"[""Lawn Mowing"", ""Tree Trimming"", ""Hedge Trimming"", ""Weed Control""]",08/04/2019
James,Ward,james.ward@example.net,1234567890,https://randomuser.me/api/portraits/men/50.jpg,Center,8,"[""Leak Repair"", ""Pipe Installation"", ""Water Heater Installation"", ""Water Softener Installation""]",13/06/2015
Benjamin,Webb,benjamin.webb@example.net,4567890123,https://randomuser.me/api/portraits/men/51.jpg,BeerShevaa,1,"[""Wall Painting"", ""Ceiling Painting"", ""Drywall Repair"", ""Baseboard Installation""]",18/08/2017
Ethan,Wolfe,ethan.wolfe@example.net,7890123456,https://randomuser.me/api/portraits/men/52.jpg,South,2,"[""Plastering"", ""Insulation"", ""Sheetrock Installation"", ""Floor Leveling""]",23/10/2015
Alexander,Mason,alexander.mason@example.net,987654321,https://randomuser.me/api/portraits/men/53.jpg,North,3,"[""AC Cleaning"", ""Duct Installation"", ""Air Quality Testing"", ""Fan Repair""]",28/12/2018
William,May,william.may@example.net,9876543210,https://randomuser.me/api/portraits/men/54.jpg,Haifa,4,"[""Deck Repair"", ""Door Installation"", ""Custom Furniture"", ""Window Repair""]",03/02/2016
James,Barton,james.barton@example.net,8765432109,https://randomuser.me/api/portraits/men/55.jpg,Center,5,"[""Backsplash Installation"", ""Shower Remodeling"", ""Grout Repair"", ""Floor Tiling""]",08/04/2019
Liam,Nguyen,liam.nguyen@example.net,7654321098,https://randomuser.me/api/portraits/men/56.jpg,BeerShevaa,6,"[""Lighting Installation"", ""Circuit Wiring"", ""Electrical Repair"", ""Panel Upgrade""]",13/06/2014
Benjamin,Silva,benjamin.silva@example.net,6543210987,https://randomuser.me/api/portraits/men/57.jpg,South,7,"[""Lawn Mowing"", ""Weed Control"", ""Garden Design"", ""Tree Pruning""]",18/08/2017
Daniel,Cummings,daniel.cummings@example.net,5432109876,https://randomuser.me/api/portraits/men/58.jpg,North,8,"[""Leak Repair"", ""Water Heater Installation"", ""Toilet Installation"", ""Pipe Repair""]",23/10/2015
Alexander,Watts,alexander.watts@example.net,4321098765,https://randomuser.me/api/portraits/men/59.jpg,Haifa,1,"[""Wall Painting"", ""Ceiling Painting"", ""Texture Removal"", ""Baseboard Installation""]",28/12/2018
Benjamin,Peters,benjamin.peters@example.net,3210987654,https://randomuser.me/api/portraits/men/60.jpg,Center,2,"[""Plastering"", ""Insulation"", ""Sheetrock Installation"", ""Floor Leveling""]",03/02/2016
Daniel,Sutton,daniel.sutton@example.net,2109876543,https://randomuser.me/api/portraits/men/61.jpg,BeerShevaa,3,"[""AC Cleaning"", ""Duct Installation"", ""Air Quality Testing"", ""Fan Repair""]",08/04/2019
Alexander,Stevens,alexander.stevens@example.net,1098765432,https://randomuser.me/api/portraits/men/1.jpg,South,4,"[""Deck Repair"", ""Door Installation"", ""Custom Furniture"", ""Window Repair""]",13/06/2014
Oliver,Hudson,oliver.hudson@example.net,1234567890,https://randomuser.me/api/portraits/men/2.jpg,North,5,"[""Tile Installation"", ""Grout Repair"", ""Shower Remodeling"", ""Backsplash""]",18/08/2017
Henry,Holland,henry.holland@example.net,4567890123,https://randomuser.me/api/portraits/men/3.jpg,Haifa,6,"[""Lighting Installation"", ""Circuit Wiring"", ""Electrical Repair"", ""Panel Upgrade""]",23/10/2015
Benjamin,Hunter,benjamin.hunter@example.net,7890123456,https://randomuser.me/api/portraits/men/4.jpg,Center,7,"[""Lawn Mowing"", ""Weed Control"", ""Garden Design"", ""Tree Pruning""]",28/12/2018
William,Ingram,william.ingram@example.net,123456789,https://randomuser.me/api/portraits/men/5.jpg,BeerShevaa,8,"[""Leak Repair"", ""Pipe Installation"", ""Water Heater Installation"", ""Water Softener Installation""]",03/02/2016
Alexander,Jenkins,alexander.jenkins@example.net,2345678901,https://randomuser.me/api/portraits/men/6.jpg,South,1,"[""Wall Painting"", ""Ceiling Painting"", ""Texture Removal"", ""Baseboard Installation""]",08/04/2019
William,Kirby,william.kirby@example.net,5678901234,https://randomuser.me/api/portraits/men/7.jpg,North,2,"[""Plastering"", ""Insulation"", ""Sheetrock Installation"", ""Floor Leveling""]",13/06/2014
James,Lawson,james.lawson@example.net,8901234567,https://randomuser.me/api/portraits/men/8.jpg,Haifa,3,"[""AC Cleaning"", ""Duct Installation"", ""Air Quality Testing"", ""Fan Repair""]",18/08/2017
Benjamin,Lloyd,benjamin.lloyd@example.net,1234567890,https://randomuser.me/api/portraits/men/9.jpg,Center,4,"[""Deck Repair"", ""Door Installation"", ""Custom Furniture"", ""Window Repair""]",23/10/2015
Daniel,Marshall,daniel.marshall@example.net,4567890123,https://randomuser.me/api/portraits/men/10.jpg,BeerShevaa,5,"[""Tile Installation"", ""Grout Repair"", ""Shower Remodeling"", ""Backsplash""]",28/12/2018
Matthew,Neal,matthew.neal@example.net,7890123456,https://randomuser.me/api/portraits/men/11.jpg,South,6,"[""Lighting Installation"", ""Circuit Wiring"", ""Electrical Repair"", ""Panel Upgrade""]",03/02/2016
James,Owen,james.owen@example.net,123456789,https://randomuser.me/api/portraits/men/12.jpg,North,7,"[""Lawn Mowing"", ""Weed Control"", ""Garden Design"", ""Tree Pruning""]",08/04/2019
William,Page,william.page@example.net,2345678901,https://randomuser.me/api/portraits/men/13.jpg,Haifa,8,"[""Leak Repair"", ""Pipe Installation"", ""Water Heater Installation"", ""Water Softener Installation""]",13/06/2014
Daniel,Quinn,daniel.quinn@example.net,5678901234,https://randomuser.me/api/portraits/men/14.jpg,Center,1,"[""Wall Painting"", ""Ceiling Painting"", ""Texture Removal"", ""Baseboard Installation""]",18/08/2017
Alexander,Russell,alexander.russell@example.net,8901234567,https://randomuser.me/api/portraits/men/15.jpg,BeerShevaa,2,"[""Plastering"", ""Insulation"", ""Sheetrock Installation"", ""Floor Leveling""]",23/10/2015
Benjamin,Shaw,benjamin.shaw@example.net,1234567890,https://randomuser.me/api/portraits/men/16.jpg,South,3,"[""AC Cleaning"", ""Duct Installation"", ""Air Quality Testing"", ""Fan Repair""]",28/12/2018
Daniel,Thomas,daniel.thomas@example.net,4567890123,https://randomuser.me/api/portraits/men/17.jpg,North,4,"[""Deck Repair"", ""Door Installation"", ""Custom Furniture"", ""Window Repair""]",03/02/2016
James,Underwood,james.underwood@example.net,7890123456,https://randomuser.me/api/portraits/men/18.jpg,Haifa,5,"[""Tile Installation"", ""Grout Repair"", ""Shower Remodeling"", ""Backsplash""]",08/04/2019
William,Vincent,william.vincent@example.net,123456789,https://randomuser.me/api/portraits/men/19.jpg,Center,6,"[""Lighting Installation"", ""Circuit Wiring"", ""Electrical Repair"", ""Panel Upgrade""]",13/06/2014
Alexander,Walsh,alexander.walsh@example.net,2345678901,https://randomuser.me/api/portraits/men/20.jpg,BeerShevaa,7,"[""Lawn Mowing"", ""Weed Control"", ""Garden Design"", ""Tree Pruning""]",18/08/2017
Benjamin,Yates,benjamin.yates@example.net,5678901234,https://randomuser.me/api/portraits/men/21.jpg,South,8,"[""Leak Repair"", ""Pipe Installation"", ""Water Heater Installation"", ""Water Softener Installation""]",23/10/2015
