firstName,lastName,email,phoneNumber,photoUrl,workAreas
Liam,Smith,liam.smith@example.com,1234567890,https://randomuser.me/api/portraits/men/1.jpg,North
Noah,Johnson,noah.johnson@example.com,4567890123,https://randomuser.me/api/portraits/men/2.jpg,Haifa
William,Williams,william.williams@example.com,7890123456,https://randomuser.me/api/portraits/men/3.jpg,Center
James,Brown,james.brown@example.com,123456789,https://randomuser.me/api/portraits/men/4.jpg,BeerShevaa
Logan,Jones,logan.jones@example.com,2345678901,https://randomuser.me/api/portraits/men/5.jpg,South
Benjamin,Davis,benjamin.davis@example.com,5678901234,https://randomuser.me/api/portraits/men/6.jpg,North
Oliver,Miller,oliver.miller@example.com,8901234567,https://randomuser.me/api/portraits/men/7.jpg,Haifa
Lucas,Wilson,lucas.wilson@example.com,1234567890,https://randomuser.me/api/portraits/men/8.jpg,Center
Henry,Moore,henry.moore@example.com,4567890123,https://randomuser.me/api/portraits/men/9.jpg,BeerShevaa
Jackson,Taylor,jackson.taylor@example.com,7890123456,https://randomuser.me/api/portraits/men/10.jpg,South
Elijah,Martinez,elijah.martinez@example.com,1234567890,https://randomuser.me/api/portraits/men/11.jpg,North
Michael,Hernandez,michael.hernandez@example.com,4567890123,https://randomuser.me/api/portraits/men/12.jpg,Haifa
Alexander,Lopez,alexander.lopez@example.com,7890123456,https://randomuser.me/api/portraits/men/13.jpg,Center
Ethan,Gonzalez,ethan.gonzalez@example.com,123456789,https://randomuser.me/api/portraits/men/14.jpg,BeerShevaa
Daniel,Perez,daniel.perez@example.com,2345678901,https://randomuser.me/api/portraits/men/15.jpg,South
Matthew,Torres,matthew.torres@example.com,5678901234,https://randomuser.me/api/portraits/men/16.jpg,North
Henry,Flores,henry.flores@example.com,8901234567,https://randomuser.me/api/portraits/men/17.jpg,Haifa
Sebastian,Rivera,sebastian.rivera@example.com,1234567890,https://randomuser.me/api/portraits/men/18.jpg,Center
David,Brooks,david.brooks@example.com,4567890123,https://randomuser.me/api/portraits/men/19.jpg,BeerShevaa
Carter,Long,carter.long@example.com,7890123456,https://randomuser.me/api/portraits/men/20.jpg,South
Luke,Washington,luke.washington@example.com,1234567890,https://randomuser.me/api/portraits/men/21.jpg,North
Jack,Sanchez,jack.sanchez@example.com,4567890123,https://randomuser.me/api/portraits/men/22.jpg,Haifa
Gabriel,Morris,gabriel.morris@example.com,7890123456,https://randomuser.me/api/portraits/men/23.jpg,Center
Wyatt,Rogers,wyatt.rogers@example.com,123456789,https://randomuser.me/api/portraits/men/24.jpg,BeerShevaa
Jayden,Reed,jayden.reed@example.com,2345678901,https://randomuser.me/api/portraits/men/25.jpg,South
Oliver,Cook,oliver.cook@example.com,5678901234,https://randomuser.me/api/portraits/men/26.jpg,North
Julian,Morgan,julian.morgan@example.com,8901234567,https://randomuser.me/api/portraits/men/27.jpg,Haifa
Leo,Bell,leo.bell@example.com,1234567890,https://randomuser.me/api/portraits/men/28.jpg,Center
Lincoln,Murphy,lincoln.murphy@example.com,4567890123,https://randomuser.me/api/portraits/men/29.jpg,BeerShevaa
Christopher,Bailey,christopher.bailey@example.com,7890123456,https://randomuser.me/api/portraits/men/30.jpg,South
Noah,Howell,noah.howell@example.com,987654321,https://randomuser.me/api/portraits/men/31.jpg,North
Jameson,Fuller,jameson.fuller@example.com,1230987654,https://randomuser.me/api/portraits/men/32.jpg,Haifa
Elijah,Welch,elijah.welch@example.com,7896543210,https://randomuser.me/api/portraits/men/33.jpg,Center
Grayson,Stevenson,grayson.stevenson@example.com,4561237890,https://randomuser.me/api/portraits/men/34.jpg,BeerShevaa
Samuel,Fox,samuel.fox@example.com,987654321,https://randomuser.me/api/portraits/men/35.jpg,South
Wyatt,Burns,wyatt.burns@example.com,1234567890,https://randomuser.me/api/portraits/men/36.jpg,North
Julian,Farmer,julian.farmer@example.com,2345678901,https://randomuser.me/api/portraits/men/37.jpg,Haifa
Nathaniel,Hudson,nathaniel.hudson@example.com,3456789012,https://randomuser.me/api/portraits/men/38.jpg,Center
Jaxon,Donovan,jaxon.donovan@example.com,4567890123,https://randomuser.me/api/portraits/men/39.jpg,BeerShevaa
Cooper,Garcia,cooper.garcia@example.com,5678901234,https://randomuser.me/api/portraits/men/40.jpg,South
